tp_grau_academico,co_curso,enade_faixa
bacharelado,1,5
bacharelado,2,2
bacharelado,7,4
bacharelado,8,4
bacharelado,13,4
bacharelado,21,2
bacharelado,122,5
bacharelado,126,5
bacharelado,128,5
bacharelado,145,5
bacharelado,148,5
bacharelado,149,4
bacharelado,165,5
bacharelado,167,4
bacharelado,306,5
bacharelado,308,5
bacharelado,376,5
bacharelado,377,3
bacharelado,378,3
bacharelado,388,3
bacharelado,392,4
bacharelado,395,4
bacharelado,490,4
bacharelado,491,5
bacharelado,492,3
bacharelado,497,4
bacharelado,500,4
bacharelado,501,3
bacharelado,502,2
bacharelado,596,5
bacharelado,683,5
bacharelado,686,4
bacharelado,705,5
bacharelado,762,2
bacharelado,764,4
bacharelado,765,4
bacharelado,766,4
bacharelado,767,4
bacharelado,773,5
bacharelado,781,4
bacharelado,1027,2
bacharelado,1028,5
bacharelado,1041,3
bacharelado,1431,4
bacharelado,1436,4
bacharelado,1443,4
bacharelado,2104,5
bacharelado,2106,4
bacharelado,2111,3
bacharelado,2174,4
bacharelado,2198,4
bacharelado,2214,4
bacharelado,2448,4
bacharelado,2471,3
bacharelado,2532,5
bacharelado,2618,3
bacharelado,2619,4
bacharelado,2620,3
bacharelado,2697,5
bacharelado,3129,4
bacharelado,3136,5
bacharelado,3137,4
bacharelado,3203,4
bacharelado,3392,3
bacharelado,3393,4
bacharelado,3394,4
bacharelado,3395,5
bacharelado,3401,5
bacharelado,3415,4
bacharelado,3482,4
bacharelado,3484,4
bacharelado,3486,4
bacharelado,3488,3
bacharelado,3558,3
bacharelado,3559,3
bacharelado,3560,3
bacharelado,3562,3
bacharelado,3570,5
bacharelado,3638,3
bacharelado,3639,3
bacharelado,3658,3
bacharelado,3659,3
bacharelado,3660,4
bacharelado,3663,3
bacharelado,3672,3
bacharelado,3685,3
bacharelado,4072,3
bacharelado,4073,5
bacharelado,4075,3
bacharelado,4086,4
bacharelado,4102,4
bacharelado,4190,5
bacharelado,4191,3
bacharelado,4197,5
bacharelado,5788,3
bacharelado,5789,3
bacharelado,7833,4
bacharelado,7834,4
bacharelado,7835,5
bacharelado,7836,3
bacharelado,8433,4
bacharelado,8762,4
bacharelado,8763,3
bacharelado,8764,4
bacharelado,9976,4
bacharelado,9977,4
bacharelado,11124,2
bacharelado,11158,4
bacharelado,11166,4
bacharelado,11167,3
bacharelado,11169,3
bacharelado,11193,4
bacharelado,11294,4
bacharelado,11313,4
bacharelado,11315,3
bacharelado,11318,4
bacharelado,11319,3
bacharelado,11320,4
bacharelado,11427,3
bacharelado,11434,5
bacharelado,11441,4
bacharelado,11448,5
bacharelado,11451,4
bacharelado,11453,5
bacharelado,11457,4
bacharelado,11458,5
bacharelado,11537,5
bacharelado,11538,3
bacharelado,11596,4
bacharelado,11599,3
bacharelado,11600,4
bacharelado,11601,4
bacharelado,11602,4
bacharelado,11606,4
bacharelado,11615,4
bacharelado,11663,4
bacharelado,11890,3
bacharelado,11988,4
bacharelado,11989,4
bacharelado,11990,5
bacharelado,11993,3
bacharelado,11998,4
bacharelado,12012,4
bacharelado,12078,4
bacharelado,12096,4
bacharelado,12311,5
bacharelado,12312,4
bacharelado,12314,4
bacharelado,12316,5
bacharelado,12317,5
bacharelado,12325,5
bacharelado,12349,4
bacharelado,12355,4
bacharelado,12563,5
bacharelado,12566,5
bacharelado,12571,4
bacharelado,12572,5
bacharelado,12573,5
bacharelado,12691,5
bacharelado,12696,4
bacharelado,12698,4
bacharelado,12699,5
bacharelado,12701,5
bacharelado,12711,4
bacharelado,12724,5
bacharelado,12820,5
bacharelado,12821,5
bacharelado,12822,5
bacharelado,12823,4
bacharelado,12824,4
bacharelado,12829,5
bacharelado,12912,3
bacharelado,12913,4
bacharelado,12941,5
bacharelado,12947,5
bacharelado,12948,5
bacharelado,12951,5
bacharelado,12974,5
bacharelado,13089,5
bacharelado,13090,3
bacharelado,13107,5
bacharelado,13113,5
bacharelado,13203,4
bacharelado,13204,4
bacharelado,13205,3
bacharelado,13207,5
bacharelado,13214,4
bacharelado,13222,4
bacharelado,13292,4
bacharelado,13296,5
bacharelado,13299,5
bacharelado,13302,5
bacharelado,13315,5
bacharelado,13322,5
bacharelado,13394,3
bacharelado,13395,5
bacharelado,13397,4
bacharelado,13398,5
bacharelado,13413,5
bacharelado,13417,4
bacharelado,13433,3
bacharelado,13434,4
bacharelado,13451,3
bacharelado,13455,4
bacharelado,13572,4
bacharelado,13573,4
bacharelado,13574,3
bacharelado,13576,5
bacharelado,13581,5
bacharelado,13582,4
bacharelado,13608,4
bacharelado,13625,5
bacharelado,13703,5
bacharelado,13714,4
bacharelado,13725,5
bacharelado,13732,5
bacharelado,13734,5
bacharelado,13850,5
bacharelado,13851,4
bacharelado,13852,4
bacharelado,13853,4
bacharelado,13968,5
bacharelado,13969,5
bacharelado,13970,4
bacharelado,13986,4
bacharelado,13998,5
bacharelado,14002,4
bacharelado,14106,5
bacharelado,14109,5
bacharelado,14213,5
bacharelado,14219,4
bacharelado,14220,4
bacharelado,14222,5
bacharelado,14223,5
bacharelado,14240,5
bacharelado,14356,5
bacharelado,14358,5
bacharelado,14363,5
bacharelado,14364,4
bacharelado,14365,5
bacharelado,14366,5
bacharelado,14515,3
bacharelado,14537,4
bacharelado,14539,5
bacharelado,14678,3
bacharelado,14679,4
bacharelado,14701,4
bacharelado,14702,4
bacharelado,14705,4
bacharelado,14710,4
bacharelado,14711,4
bacharelado,14713,3
bacharelado,14715,4
bacharelado,14716,5
bacharelado,14718,4
bacharelado,14719,5
bacharelado,14720,3
bacharelado,14972,4
bacharelado,15054,3
bacharelado,15162,3
bacharelado,15164,3
bacharelado,15338,3
bacharelado,15339,3
bacharelado,15340,2
bacharelado,15342,2
bacharelado,15346,3
bacharelado,15405,4
bacharelado,15406,4
bacharelado,15407,3
bacharelado,15716,3
bacharelado,15734,3
bacharelado,15744,4
bacharelado,15772,3
bacharelado,15773,3
bacharelado,15788,5
bacharelado,15830,3
bacharelado,15847,3
bacharelado,15848,3
bacharelado,15852,3
bacharelado,15867,4
bacharelado,15873,3
bacharelado,15877,4
bacharelado,15884,4
bacharelado,15987,2
bacharelado,15988,4
bacharelado,15989,3
bacharelado,15995,4
bacharelado,16000,3
bacharelado,16008,3
bacharelado,16012,4
bacharelado,16016,3
bacharelado,16090,2
bacharelado,16154,3
bacharelado,16155,3
bacharelado,16180,3
bacharelado,16181,3
bacharelado,16182,1
bacharelado,16280,3
bacharelado,16281,3
bacharelado,16318,3
bacharelado,16393,4
bacharelado,16395,3
bacharelado,16397,4
bacharelado,16398,4
bacharelado,16400,3
bacharelado,16402,4
bacharelado,16580,2
bacharelado,16595,4
bacharelado,16596,1
bacharelado,16628,2
bacharelado,16629,2
bacharelado,16630,3
bacharelado,16677,4
bacharelado,16687,3
bacharelado,16688,3
bacharelado,16891,1
bacharelado,16892,3
bacharelado,16899,5
bacharelado,16905,3
bacharelado,17052,3
bacharelado,17053,3
bacharelado,17073,3
bacharelado,17153,3
bacharelado,17200,5
bacharelado,17202,1
bacharelado,17411,2
bacharelado,17439,5
bacharelado,17762,3
bacharelado,17766,4
bacharelado,18066,3
bacharelado,18148,5
bacharelado,18353,4
bacharelado,18373,4
bacharelado,18385,4
bacharelado,18386,4
bacharelado,18391,4
bacharelado,18394,4
bacharelado,18396,3
bacharelado,18407,2
bacharelado,18408,3
bacharelado,18416,2
bacharelado,18424,4
bacharelado,18426,3
bacharelado,18546,4
bacharelado,18547,5
bacharelado,18548,5
bacharelado,18664,4
bacharelado,18674,3
bacharelado,18777,3
bacharelado,18852,4
bacharelado,18860,5
bacharelado,18864,5
bacharelado,18912,4
bacharelado,18953,4
bacharelado,19045,5
bacharelado,19082,5
bacharelado,19328,4
bacharelado,19486,4
bacharelado,19495,4
bacharelado,19498,4
bacharelado,19501,3
bacharelado,19562,4
bacharelado,19829,3
bacharelado,19832,3
bacharelado,20264,5
bacharelado,20266,3
bacharelado,20580,3
bacharelado,20762,5
bacharelado,20764,3
bacharelado,20855,4
bacharelado,20942,4
bacharelado,21336,2
bacharelado,21511,3
bacharelado,21514,3
bacharelado,21540,3
bacharelado,21541,4
bacharelado,21546,2
bacharelado,21586,5
bacharelado,21589,5
bacharelado,21626,5
bacharelado,21711,4
bacharelado,21860,5
bacharelado,21871,3
bacharelado,21882,2
bacharelado,21887,2
bacharelado,21896,3
bacharelado,22129,4
bacharelado,22176,3
bacharelado,22404,5
bacharelado,22407,4
bacharelado,22446,4
bacharelado,22451,5
bacharelado,22534,3
bacharelado,22844,4
bacharelado,23947,5
bacharelado,23972,5
bacharelado,24087,4
bacharelado,24092,2
bacharelado,25140,3
bacharelado,25155,5
bacharelado,25795,4
bacharelado,25835,5
bacharelado,26033,5
bacharelado,26622,2
bacharelado,26963,4
bacharelado,27228,3
bacharelado,27649,5
bacharelado,27656,5
bacharelado,27657,5
bacharelado,27673,5
bacharelado,27744,2
bacharelado,28352,4
bacharelado,28372,4
bacharelado,29354,4
bacharelado,29462,4
bacharelado,29478,5
bacharelado,29483,4
bacharelado,30501,4
bacharelado,31210,4
bacharelado,31381,5
bacharelado,31850,5
bacharelado,33003,4
bacharelado,33011,4
bacharelado,33738,5
bacharelado,33784,5
bacharelado,34642,5
bacharelado,34671,5
bacharelado,36356,3
bacharelado,37267,5
bacharelado,38202,5
bacharelado,38204,5
bacharelado,38206,4
bacharelado,38208,5
bacharelado,38216,3
bacharelado,39248,3
bacharelado,39391,2
bacharelado,39492,2
bacharelado,39861,2
bacharelado,40152,4
bacharelado,40980,4
bacharelado,41011,4
bacharelado,41054,3
bacharelado,41063,5
bacharelado,41244,4
bacharelado,41622,4
bacharelado,42040,3
bacharelado,43016,2
bacharelado,43061,2
bacharelado,43108,4
bacharelado,43188,4
bacharelado,43759,2
bacharelado,43916,5
bacharelado,44419,3
bacharelado,44421,4
bacharelado,44461,3
bacharelado,45005,4
bacharelado,45077,5
bacharelado,45157,4
bacharelado,45352,4
bacharelado,45605,3
bacharelado,47116,4
bacharelado,47740,5
bacharelado,48299,2
bacharelado,48302,3
tecnologico,49960,4
bacharelado,50198,4
bacharelado,50201,5
bacharelado,50203,3
bacharelado,50384,3
bacharelado,50538,3
bacharelado,50684,3
bacharelado,50852,4
bacharelado,50853,4
bacharelado,50902,4
bacharelado,50913,2
bacharelado,50918,2
bacharelado,50922,3
bacharelado,51618,2
bacharelado,52125,4
bacharelado,52128,2
bacharelado,52130,3
bacharelado,52136,3
bacharelado,52141,3
bacharelado,52238,4
bacharelado,52258,5
tecnologico,52437,3
bacharelado,52852,4
bacharelado,53522,5
bacharelado,53596,5
bacharelado,55514,3
bacharelado,55973,3
bacharelado,57604,4
bacharelado,57608,4
tecnologico,57638,4
tecnologico,57784,3
tecnologico,57870,3
bacharelado,57896,4
bacharelado,58084,3
bacharelado,58092,5
bacharelado,58198,2
bacharelado,58274,2
bacharelado,58508,3
bacharelado,58512,2
bacharelado,59696,4
bacharelado,60418,3
bacharelado,60549,3
bacharelado,60616,4
bacharelado,60635,3
bacharelado,60899,5
bacharelado,60900,5
bacharelado,60936,5
bacharelado,60984,5
bacharelado,61296,3
bacharelado,62936,4
bacharelado,62940,3
tecnologico,63070,4
bacharelado,63646,4
bacharelado,64064,5
bacharelado,64103,5
bacharelado,64196,2
bacharelado,64284,3
bacharelado,64594,4
bacharelado,65986,4
bacharelado,65987,4
bacharelado,66465,5
bacharelado,66897,4
bacharelado,66972,4
bacharelado,67852,3
bacharelado,68114,2
bacharelado,68123,5
bacharelado,68315,4
bacharelado,68319,2
bacharelado,68566,4
bacharelado,68567,3
tecnologico,68928,3
bacharelado,69514,5
bacharelado,69581,3
bacharelado,69787,5
bacharelado,69868,4
bacharelado,69870,5
bacharelado,69929,2
bacharelado,69931,3
bacharelado,70584,3
bacharelado,71011,4
bacharelado,71019,3
bacharelado,71033,3
bacharelado,71035,4
bacharelado,71043,4
bacharelado,71047,5
bacharelado,71071,3
tecnologico,71167,4
bacharelado,71562,5
bacharelado,71813,4
bacharelado,72602,3
bacharelado,73132,3
bacharelado,73360,4
bacharelado,73420,4
bacharelado,74064,4
tecnologico,75345,3
tecnologico,75355,5
bacharelado,79567,3
bacharelado,79690,2
bacharelado,80420,4
bacharelado,80638,4
bacharelado,81054,1
bacharelado,82295,3
bacharelado,82368,3
bacharelado,82462,3
bacharelado,82494,4
tecnologico,82524,3
bacharelado,82834,5
bacharelado,83101,4
bacharelado,83102,3
bacharelado,83124,3
bacharelado,83126,3
tecnologico,83128,3
bacharelado,84423,4
bacharelado,84530,2
bacharelado,84854,4
bacharelado,85430,4
bacharelado,85588,4
bacharelado,85660,2
bacharelado,89240,4
bacharelado,89257,3
bacharelado,90042,5
bacharelado,90047,5
bacharelado,90202,5
bacharelado,90475,5
tecnologico,90773,3
bacharelado,91260,4
bacharelado,91386,4
bacharelado,91495,4
bacharelado,91535,3
bacharelado,91539,4
bacharelado,91692,5
bacharelado,91799,3
bacharelado,91814,2
bacharelado,91999,3
bacharelado,92279,4
bacharelado,92415,3
bacharelado,92594,4
bacharelado,92687,2
bacharelado,92693,2
bacharelado,92761,2
bacharelado,94095,4
bacharelado,94270,3
tecnologico,94840,5
bacharelado,94907,4
bacharelado,94923,3
bacharelado,95033,4
bacharelado,95044,3
bacharelado,95375,3
bacharelado,95708,3
bacharelado,96181,3
bacharelado,96347,4
bacharelado,96405,5
bacharelado,96502,3
bacharelado,96775,2
bacharelado,96781,4
tecnologico,97509,5
bacharelado,98646,3
bacharelado,98659,3
bacharelado,98669,3
bacharelado,98976,4
bacharelado,98982,3
bacharelado,99028,4
bacharelado,99306,3
bacharelado,99310,5
bacharelado,99340,4
bacharelado,99418,4
bacharelado,99420,4
tecnologico,99634,3
tecnologico,99638,2
bacharelado,99665,4
tecnologico,99686,3
bacharelado,99870,4
bacharelado,99921,3
bacharelado,100103,0
tecnologico,100113,3
bacharelado,100260,3
bacharelado,100433,5
tecnologico,100633,4
bacharelado,100822,2
bacharelado,100866,3
bacharelado,100868,3
bacharelado,100899,4
bacharelado,100918,3
bacharelado,101082,4
bacharelado,101086,3
bacharelado,101121,3
bacharelado,101338,2
bacharelado,101608,2
bacharelado,101836,3
bacharelado,101936,4
bacharelado,102084,4
bacharelado,102158,3
bacharelado,102162,3
bacharelado,102164,2
bacharelado,102296,4
bacharelado,102530,5
bacharelado,103014,4
bacharelado,103016,3
bacharelado,103307,3
bacharelado,103398,3
bacharelado,103408,3
bacharelado,103410,3
bacharelado,103437,4
bacharelado,103438,4
bacharelado,103439,4
tecnologico,103566,3
bacharelado,104300,3
tecnologico,104578,4
bacharelado,105128,3
bacharelado,105130,4
bacharelado,105272,2
bacharelado,105274,3
bacharelado,105276,3
bacharelado,105344,2
bacharelado,105346,3
bacharelado,105440,4
tecnologico,105480,4
bacharelado,105578,3
tecnologico,106104,4
bacharelado,107472,5
bacharelado,107474,4
tecnologico,107572,4
bacharelado,107856,5
bacharelado,107894,4
bacharelado,108344,3
bacharelado,108348,2
tecnologico,108584,3
bacharelado,108648,4
bacharelado,109478,5
tecnologico,110358,3
bacharelado,110744,3
bacharelado,111120,3
bacharelado,111300,4
bacharelado,111302,2
bacharelado,111658,5
bacharelado,112098,3
bacharelado,112104,2
bacharelado,112106,3
bacharelado,112326,2
bacharelado,112594,4
bacharelado,112598,4
bacharelado,112676,4
bacharelado,112688,5
bacharelado,113045,3
bacharelado,113047,2
bacharelado,113291,5
bacharelado,113425,3
bacharelado,113555,3
bacharelado,113585,3
tecnologico,114203,4
bacharelado,114433,2
bacharelado,114564,4
bacharelado,114756,3
bacharelado,114758,3
bacharelado,114987,4
bacharelado,115011,4
bacharelado,115084,5
bacharelado,115472,4
bacharelado,115794,4
bacharelado,115802,5
bacharelado,115870,4
tecnologico,116140,4
bacharelado,116216,3
bacharelado,116324,4
bacharelado,116532,5
bacharelado,116566,4
bacharelado,116568,4
bacharelado,116580,5
bacharelado,116582,4
bacharelado,116624,4
bacharelado,116640,3
bacharelado,116680,2
bacharelado,116708,4
bacharelado,116840,4
bacharelado,116928,3
bacharelado,117004,4
bacharelado,117072,5
bacharelado,117078,4
bacharelado,117110,3
bacharelado,117348,4
bacharelado,118174,4
bacharelado,118180,5
tecnologico,118200,4
bacharelado,118418,5
bacharelado,118472,3
bacharelado,118546,3
bacharelado,119124,3
bacharelado,120064,2
tecnologico,120201,4
bacharelado,120346,4
bacharelado,120450,4
bacharelado,120595,3
bacharelado,120599,3
bacharelado,120747,3
tecnologico,120803,4
bacharelado,120820,3
bacharelado,120822,2
bacharelado,120832,5
bacharelado,120848,3
bacharelado,121170,1
bacharelado,121376,4
bacharelado,121378,4
bacharelado,121385,4
bacharelado,121395,3
bacharelado,121403,3
bacharelado,121405,3
bacharelado,121476,0
bacharelado,121492,5
bacharelado,121578,2
bacharelado,121593,3
bacharelado,121604,3
bacharelado,121669,4
bacharelado,121677,3
bacharelado,121779,4
tecnologico,121888,3
bacharelado,121892,3
bacharelado,121932,3
tecnologico,122076,4
bacharelado,122166,1
bacharelado,122406,3
bacharelado,122532,2
bacharelado,122752,3
bacharelado,122813,3
bacharelado,122908,3
bacharelado,123052,2
tecnologico,123105,4
bacharelado,123345,4
tecnologico,123394,5
bacharelado,123427,4
bacharelado,123823,2
bacharelado,150095,4
bacharelado,150124,4
bacharelado,150243,2
bacharelado,150263,3
bacharelado,312703,4
bacharelado,314238,4
bacharelado,382876,4
bacharelado,1032890,5
bacharelado,1077609,2
bacharelado,1078717,5
bacharelado,1078718,4
bacharelado,1078719,5
bacharelado,1083678,3
bacharelado,1083680,4
bacharelado,1100005,4
tecnologico,1100883,3
bacharelado,1101544,3
bacharelado,1101758,5
bacharelado,1102064,4
bacharelado,1102184,4
tecnologico,1102487,0
bacharelado,1102664,4
bacharelado,1102668,3
bacharelado,1102673,3
bacharelado,1102999,3
bacharelado,1103070,5
tecnologico,1103187,3
bacharelado,1103311,3
tecnologico,1103318,4
tecnologico,1103648,3
bacharelado,1103695,3
bacharelado,1103697,4
bacharelado,1105183,3
tecnologico,1105377,3
bacharelado,1106428,2
bacharelado,1107233,5
bacharelado,1107692,4
bacharelado,1107861,4
bacharelado,1108087,4
bacharelado,1109223,3
bacharelado,1110415,4
bacharelado,1110906,5
bacharelado,1111393,2
bacharelado,1111410,4
tecnologico,1111970,5
bacharelado,1112986,2
bacharelado,1113667,1
bacharelado,1114299,3
bacharelado,1116908,4
tecnologico,1116969,4
bacharelado,1117877,3
bacharelado,1119202,5
bacharelado,1120660,4
bacharelado,1122220,5
bacharelado,1125326,5
tecnologico,1125642,5
bacharelado,1125881,4
bacharelado,1126514,4
tecnologico,1126604,5
tecnologico,1126732,5
bacharelado,1126958,4
tecnologico,1127161,2
bacharelado,1127343,3
bacharelado,1127370,5
tecnologico,1127740,3
tecnologico,1127888,4
bacharelado,1127894,3
tecnologico,1127951,4
tecnologico,1127980,3
tecnologico,1127982,3
tecnologico,1128153,4
tecnologico,1128376,4
tecnologico,1128551,4
bacharelado,1128675,4
bacharelado,1128677,4
bacharelado,1128678,5
bacharelado,1128679,5
tecnologico,1129104,3
tecnologico,1129882,4
bacharelado,1132074,5
tecnologico,1135705,3
bacharelado,1138344,5
bacharelado,1138345,5
bacharelado,1139343,2
bacharelado,1139493,3
bacharelado,1139496,3
bacharelado,1139597,3
tecnologico,1142406,3
tecnologico,1142485,4
bacharelado,1148015,4
bacharelado,1148034,4
tecnologico,1149888,4
tecnologico,1149898,3
tecnologico,1150252,4
tecnologico,1150260,4
tecnologico,1150265,4
tecnologico,1150283,4
tecnologico,1150290,3
tecnologico,1150327,3
tecnologico,1150371,4
tecnologico,1150383,4
tecnologico,1150400,3
tecnologico,1150418,4
tecnologico,1150426,5
tecnologico,1150458,3
tecnologico,1150469,5
tecnologico,1150484,4
tecnologico,1150496,4
tecnologico,1150700,4
tecnologico,1150796,4
tecnologico,1150942,4
tecnologico,1151139,3
bacharelado,1151168,1
bacharelado,1151169,2
bacharelado,1151781,2
tecnologico,1152530,3
bacharelado,1152630,5
tecnologico,1152728,4
tecnologico,1153086,4
tecnologico,1153281,4
tecnologico,1153635,4
tecnologico,1156223,3
tecnologico,1156224,5
bacharelado,1156266,3
tecnologico,1156646,3
tecnologico,1156897,3
bacharelado,1157031,4
bacharelado,1157936,3
bacharelado,1160421,4
bacharelado,1160838,5
bacharelado,1161235,3
tecnologico,1161237,4
bacharelado,1161406,5
bacharelado,1161626,0
tecnologico,1161643,4
tecnologico,1163760,3
bacharelado,1166595,4
tecnologico,1166665,2
bacharelado,1167795,4
tecnologico,1167926,3
bacharelado,1168596,4
bacharelado,1168654,4
tecnologico,1168942,0
bacharelado,1172805,3
bacharelado,1175729,2
bacharelado,1177364,4
tecnologico,1178610,3
bacharelado,1178675,5
bacharelado,1178683,3
bacharelado,1178684,4
bacharelado,1178765,2
tecnologico,1178786,4
tecnologico,1178852,2
tecnologico,1179042,4
bacharelado,1179164,2
tecnologico,1180085,4
tecnologico,1180457,4
tecnologico,1181263,4
tecnologico,1182800,5
bacharelado,1183082,4
bacharelado,1183351,5
tecnologico,1183601,4
bacharelado,1183789,2
bacharelado,1184319,4
bacharelado,1184730,2
bacharelado,1185016,3
bacharelado,1185902,2
bacharelado,1188088,4
bacharelado,1188421,2
bacharelado,1188474,4
tecnologico,1188616,1
bacharelado,1188874,4
bacharelado,1188933,4
tecnologico,1189018,5
bacharelado,1189915,4
bacharelado,1190445,4
tecnologico,1190580,3
bacharelado,1191027,4
bacharelado,1191218,3
bacharelado,1191291,3
bacharelado,1191700,4
tecnologico,1204018,3
tecnologico,1209150,5
tecnologico,1213442,4
bacharelado,1213916,2
bacharelado,1214190,3
tecnologico,1214441,4
bacharelado,1215490,3
bacharelado,1216229,5
tecnologico,1260936,4
bacharelado,1261051,4
bacharelado,1262461,4
tecnologico,1263897,5
tecnologico,1264305,3
bacharelado,1264907,4
bacharelado,1264959,4
bacharelado,1264960,2
bacharelado,1265319,3
bacharelado,1265365,3
bacharelado,1265414,4
bacharelado,1267239,3
bacharelado,1267282,5
bacharelado,1267553,4
bacharelado,1268219,5
bacharelado,1268283,5
bacharelado,1268539,3
bacharelado,1269879,3
bacharelado,1270313,2
bacharelado,1270315,3
tecnologico,1270437,5
bacharelado,1270650,3
bacharelado,1270683,1
bacharelado,1270725,4
bacharelado,1270731,4
bacharelado,1272127,3
bacharelado,1272129,3
bacharelado,1276154,3
bacharelado,1276413,2
bacharelado,1276879,4
bacharelado,1278853,5
bacharelado,1278988,4
tecnologico,1279069,0
tecnologico,1279095,3
bacharelado,1279598,3
bacharelado,1279922,4
tecnologico,1283114,2
tecnologico,1284835,3
tecnologico,1286473,4
bacharelado,1287475,4
bacharelado,1288270,4
tecnologico,1292872,5
tecnologico,1292964,4
bacharelado,1297373,5
bacharelado,1297385,5
tecnologico,1298973,4
bacharelado,1300177,3
bacharelado,1300503,4
tecnologico,1303511,0
bacharelado,1304118,3
bacharelado,1304510,4
bacharelado,1304865,3
tecnologico,1307325,3
tecnologico,1312315,2
bacharelado,1313150,3
bacharelado,1313155,4
bacharelado,1313165,3
bacharelado,1313168,4
bacharelado,1313169,2
bacharelado,1313170,3
tecnologico,1313174,4
tecnologico,1313176,4
bacharelado,1313191,2
bacharelado,1313220,3
bacharelado,1313259,4
bacharelado,1313441,3
tecnologico,1313446,4
bacharelado,1313521,4
tecnologico,1313968,3
tecnologico,1314255,2
bacharelado,1314430,4
bacharelado,1314431,0
bacharelado,1314433,3
bacharelado,1314434,2
bacharelado,1314990,3
bacharelado,1315485,3
bacharelado,1319231,5
bacharelado,1321288,4
tecnologico,1321291,4
bacharelado,1321651,3
tecnologico,1321766,4
tecnologico,1321907,3
tecnologico,1322605,5
tecnologico,1323760,3
tecnologico,1324509,4
tecnologico,1327250,2
bacharelado,1327469,5
bacharelado,1327484,2
bacharelado,1327515,2
bacharelado,1327516,4
tecnologico,1327560,3
bacharelado,1328737,4
tecnologico,1328771,1
tecnologico,1330005,4
bacharelado,1330027,4
tecnologico,1330028,4
bacharelado,1330077,2
tecnologico,1330110,3
tecnologico,1330187,3
tecnologico,1330463,4
tecnologico,1330814,3
tecnologico,1330818,3
bacharelado,1331001,3
tecnologico,1333077,3
bacharelado,1333090,3
bacharelado,1333092,2
bacharelado,1334005,3
tecnologico,1334009,5
bacharelado,1341190,4
tecnologico,1341196,2
tecnologico,1341343,3
tecnologico,1342407,4
bacharelado,1342445,3
tecnologico,1342448,4
bacharelado,1342523,4
bacharelado,1342611,3
bacharelado,1342617,5
bacharelado,1342685,2
bacharelado,1342686,3
bacharelado,1351144,0
bacharelado,1351543,3
bacharelado,1353994,1
bacharelado,1357714,4
tecnologico,1358001,3
bacharelado,1363950,5
bacharelado,1363952,5
bacharelado,1364273,3
bacharelado,1365768,4
bacharelado,1366344,3
bacharelado,1366556,3
tecnologico,1366640,3
tecnologico,1366648,4
bacharelado,1367868,2
tecnologico,1368246,2
bacharelado,1369296,3
tecnologico,1370719,4
tecnologico,1375422,2
bacharelado,1375424,3
tecnologico,1375996,3
bacharelado,1375997,3
bacharelado,1376003,3
bacharelado,1376006,3
bacharelado,1376048,4
tecnologico,1376260,4
bacharelado,1376265,5
tecnologico,1377488,1
bacharelado,1377502,3
tecnologico,1377590,4
tecnologico,1377614,3
tecnologico,1382951,2
bacharelado,1388356,2
tecnologico,1390496,3
bacharelado,1395932,4
tecnologico,1395994,3
bacharelado,1396245,5
tecnologico,1399241,3
bacharelado,1400199,3
tecnologico,1400719,4
bacharelado,1401138,3
bacharelado,1404085,3
bacharelado,1404304,5
bacharelado,1405320,4
bacharelado,1409703,3
bacharelado,1417984,3
bacharelado,1419552,3
bacharelado,1419673,4
bacharelado,1419832,4
bacharelado,1419837,3
bacharelado,1419860,4
bacharelado,1420072,3
tecnologico,1421313,3
tecnologico,1421322,5
tecnologico,1427034,2
tecnologico,1427492,4
tecnologico,1427683,4
bacharelado,1428280,3
tecnologico,1438348,4
bacharelado,1438615,2
bacharelado,1441206,4
bacharelado,1441524,3
bacharelado,1441526,3
tecnologico,1441602,4
bacharelado,1441848,4
tecnologico,1442656,4
tecnologico,1442893,4
bacharelado,1442894,3
tecnologico,1443285,3
tecnologico,1443506,4
tecnologico,1443824,3
bacharelado,1445259,5
bacharelado,1445314,5
bacharelado,1445320,4
bacharelado,1445321,5
bacharelado,1445322,4
bacharelado,1445323,4
bacharelado,1445324,3
tecnologico,1445343,0
tecnologico,1445887,5
bacharelado,1446544,3
tecnologico,1446760,4
tecnologico,1450989,4
tecnologico,1451895,3
tecnologico,1452069,4
tecnologico,1452469,1
bacharelado,1452762,4
bacharelado,1454791,5
tecnologico,1455263,4
bacharelado,1457087,5
bacharelado,1457268,3
bacharelado,1457276,3
bacharelado,1457293,4
bacharelado,1457344,4
bacharelado,1457495,2
bacharelado,1457499,3
bacharelado,1457500,4
bacharelado,1457515,4
bacharelado,1458011,4
bacharelado,1458140,4
tecnologico,1468231,4
tecnologico,1474144,4
bacharelado,1475096,4
tecnologico,1475623,5
tecnologico,1480103,3
tecnologico,1483540,4
tecnologico,1483743,4
bacharelado,1483827,4
bacharelado,1483828,4
bacharelado,1484420,4
tecnologico,1486977,4
tecnologico,1488242,3
tecnologico,1489933,3
tecnologico,1492144,2
tecnologico,1512308,3
tecnologico,1515686,4
tecnologico,1516681,4
tecnologico,1516954,4
tecnologico,1517704,2
tecnologico,1519156,2
tecnologico,1519716,4
tecnologico,1522133,4
tecnologico,1525967,4
tecnologico,1526170,3
tecnologico,1533815,2
tecnologico,1536438,3
tecnologico,1537667,5
tecnologico,1542825,3
bacharelado,1547879,0
bacharelado,1547967,4
bacharelado,1550073,5
bacharelado,1555929,3
tecnologico,1572361,3
tecnologico,1572363,2
tecnologico,1573319,2
tecnologico,1605989,3
tecnologico,1610725,4
bacharelado,5000057,4
bacharelado,5000072,2
bacharelado,5000076,3
bacharelado,5000093,2
bacharelado,5000094,1
tecnologico,5000132,4
tecnologico,5000142,2
bacharelado,5000144,4
bacharelado,5000376,4
bacharelado,5000386,2
bacharelado,5000472,4
bacharelado,5000473,4
bacharelado,5000476,3
bacharelado,5000478,5
tecnologico,5000480,3
bacharelado,5000548,4
bacharelado,5001082,1
bacharelado,5001241,4
tecnologico,5001246,3
tecnologico,5001280,4
tecnologico,5001291,4
bacharelado,5001343,3
bacharelado,5001356,5
bacharelado,5001360,3
tecnologico,5001415,4
tecnologico,5001430,4
tecnologico,5001541,5
